[
{
  "model": "konfera.location",
  "pk": 1,
  "fields": {
    "uuid": "dc81d075-e7ba-42ae-a081-1c0a6bf935c3",
    "date_created": "2016-10-01T18:00:00Z",
    "date_modified": "2016-10-01T18:00:00Z",
    "title": "Slovak University of Technology in Bratislava",
    "street": "Faculty of Informatics and Information Technologies",
    "street2": "Ilkovi\u010dova 2",
    "city": "Bratislava",
    "postcode": "842 16",
    "state": "SK",
    "get_here": "",
    "capacity": 400
  }
},
{
  "model": "konfera.location",
  "pk": 2,
  "fields": {
    "uuid": "aa741ce8-736e-4918-993c-7941e197901d",
    "date_created": "2016-10-01T18:00:00Z",
    "date_modified": "2016-10-01T18:00:00Z",
    "title": "ProgressBar Hackerspace",
    "street": "Michalsk\u00e1 3",
    "street2": "",
    "city": "Bratislava",
    "postcode": "83102",
    "state": "SK",
    "get_here": "",
    "capacity": 40
  }
},
{
  "model": "konfera.order",
  "pk": 1,
  "fields": {
    "uuid": "f8e13e58-70fd-4b52-ae0b-59ee6eabd4b2",
    "date_created": "2016-10-07T20:29:29.034Z",
    "date_modified": "2016-10-07T20:27:45.246Z",
    "price": "30.00",
    "amount_paid": "0.00",
    "discount": "0.00",
    "status": "paid",
    "purchase_date": "2016-10-07T20:27:45.246Z",
    "payment_date": "2016-10-07T20:29:29.034Z"
  }
},
{
  "model": "konfera.order",
  "pk": 2,
  "fields": {
    "uuid": "499c93aa-7a75-4a45-ab09-61a34242819f",
    "date_created": "2016-10-07T20:43:14.274Z",
    "date_modified": "2016-10-07T20:43:14.274Z",
    "price": "0.00",
    "amount_paid": "0.00",
    "discount": "0.00",
    "status": "awaiting_payment",
    "purchase_date": "2016-10-07T20:43:14.275Z",
    "payment_date": null
  }
},
{
  "model": "konfera.order",
  "pk": 3,
  "fields": {
    "uuid": "7348129d-74e3-4ebb-9003-e8a364744b07",
    "date_created": "2016-10-08T07:45:40.241Z",
    "date_modified": "2016-10-08T07:45:40.241Z",
    "price": "0.00",
    "amount_paid": "0.00",
    "discount": "0.00",
    "status": "awaiting_payment",
    "purchase_date": "2016-10-08T07:45:40.241Z",
    "payment_date": null
  }
},
{
  "model": "konfera.order",
  "pk": 4,
  "fields": {
    "uuid": "d3fe7887-ee72-4358-81ae-1d978f603aab",
    "date_created": "2016-10-08T07:48:15.643Z",
    "date_modified": "2016-10-08T07:48:15.643Z",
    "price": "15.00",
    "amount_paid": "0.00",
    "discount": "3.75",
    "status": "awaiting_payment",
    "purchase_date": "2016-10-08T07:48:15.643Z",
    "payment_date": null
  }
},
{
  "model": "konfera.order",
  "pk": 5,
  "fields": {
    "uuid": "73a83141-3b36-4bea-82b7-ebe3356f9ef6",
    "date_created": "2016-10-09T20:16:56.097Z",
    "date_modified": "2016-10-09T20:16:56.097Z",
    "price": "0.00",
    "amount_paid": "0.00",
    "discount": "0.00",
    "status": "awaiting_payment",
    "purchase_date": "2016-10-09T20:16:56.097Z",
    "payment_date": null
  }
},
{
  "model": "konfera.receipt",
  "pk": 1,
  "fields": {
    "uuid": "d392d91d-efdf-4e7c-af50-8ce830786bb3",
    "date_created": "2016-10-07T20:29:29.037Z",
    "date_modified": "2016-10-07T20:29:29.037Z",
    "order": 1,
    "title": "Mr.",
    "street": "Bajkalska 1",
    "street2": "",
    "city": "Bratislava",
    "postcode": "83102",
    "state": "SK",
    "companyid": "",
    "taxid": "",
    "vatid": "",
    "amount": "30.00"
  }
},
{
  "model": "konfera.room",
  "pk": 1,
  "fields": {
    "uuid": "23e5e900-3a7a-43ad-8455-a2f97cfe4c5e",
    "date_created": "2016-10-01T18:00:00Z",
    "date_modified": "2016-10-01T18:00:00Z",
    "title": "Large auditorium",
    "location": 1,
    "capacity": 400
  }
},
{
  "model": "konfera.room",
  "pk": 2,
  "fields": {
    "uuid": "5b40194e-6928-4dd8-8ed0-ad72d1fd0a78",
    "date_created": "2016-10-01T18:00:00Z",
    "date_modified": "2016-10-01T18:00:00Z",
    "title": "Turing lecture hall",
    "location": 1,
    "capacity": 150
  }
},
{
  "model": "konfera.discountcode",
  "pk": 1,
  "fields": {
    "uuid": "3e733b74-153c-4adb-b145-57795091a537",
    "date_created": "2016-10-01T18:00:00Z",
    "date_modified": "2016-10-01T18:00:00Z",
    "date_from": "2016-01-24T00:00:00Z",
    "date_to": "2016-03-01T00:00:00Z",
    "title": "STU",
    "hash": "STUDISCOUNT",
    "discount": 25,
    "usage": 5,
    "ticket_type": 6
  }
},
{
  "model": "konfera.event",
  "pk": 1,
  "fields": {
    "uuid": "38d5dc7b-bce1-42c6-a6bc-404f4b131052",
    "date_created": "2016-10-01T18:00:00Z",
    "date_modified": "2016-10-01T18:00:00Z",
    "date_from": "2015-07-07T18:00:00Z",
    "date_to": "2015-07-07T21:00:00Z",
    "title": "First Bratislava Python Meetup",
    "slug": "bratislava-python-meetup-01",
    "description": "Prv\u00e9 stretnutie \u013eud\u00ed, ktor\u00ed maj\u00fa z\u00e1ujem o programovanie v Pythone. \u010ci u\u017e ste \u00fapln\u00fd za\u010diato\u010dn\u00edk (bez akejko\u013evek sk\u00fasenosti s programovan\u00edm) alebo pou\u017e\u00edvate in\u00fd \"zastaral\u00fd\" programovac\u00ed jazyk (a radi by ste pre\u0161li na nie\u010do \"fresh\"), pr\u00ed\u010fte a spoznajte nov\u00e9 mo\u017enosti, ktor\u00e9 Python poskytuje. Ak u\u017e ste v Pythone \u010do-to spravili alebo ste expert, budeme radi, ke\u010f n\u00e1s pr\u00eddete nie\u010do nau\u010di\u0165.\r\n\r\nStretnutie je vhodn\u00e9 pre \u013eud\u00ed zo v\u0161etk\u00fdch oblast\u00ed od webov\u00e9ho programovania cez hackovanie hardv\u00e9ru a\u017e po v\u00fdskum ve\u013ek\u00fdch d\u00e1t.\r\n\r\nVytvorenie Python komunity je d\u00f4le\u017eit\u00e9, preto\u017ee ve\u013ea firiem doma aj v zahrani\u010d\u00ed za\u010d\u00edna pou\u017e\u00edva\u0165 Python a spozn\u00e1va\u0165 jeho v\u00fdhody. Koniec koncov to bude z\u00e1bava, u\u010di\u0165 sa jeden od druh\u00e9ho a pri pive si rozpr\u00e1va\u0165 z\u00e1\u017eitky z krotenia hadov.\r\n\r\nGithub: https://github.com/pyconsk/meetup/tree/master/Bratislava/201507\r\n\r\nContact: meetup@pycon.sk\r\n\r\nEvent organiser: Richard Kellner, Daniel Kont\u0161ek\r\n\r\nLanyrd: http://lanyrd.com/2015/pyba/\r\n\r\nNa stretnut\u00ed sme si predstavili filozofiu meetupov a Daniel Kont\u0161ek n\u00e1m spravil stru\u010dn\u00fd \u00favod do Pythonu. Z Po\u013eska n\u00e1s pri\u0161iel nav\u0161t\u00edvi\u0165 Filip K\u0142\u0119bczyk, ktor\u00fd n\u00e1m porozpr\u00e1val o organiz\u00e1ci\u00ed po\u013esk\u00e9ho PyConu. Nakoniec n\u00e1m Richard Kellner vysvetlil ako fungovala Enigma a nap\u00edsali sme si v Pythone princ\u00edp jej fungovania.",
    "event_type": "meetup",
    "status": "published",
    "location": 2,
    "footer_text": "",
    "analytics": "",
    "sponsors": []
  }
},
{
  "model": "konfera.event",
  "pk": 2,
  "fields": {
    "uuid": "29825e1a-c840-4cb6-8c04-d1204f1e28b6",
    "date_created": "2016-10-01T18:00:00Z",
    "date_modified": "2016-10-01T18:00:00Z",
    "date_from": "2015-08-04T18:00:00Z",
    "date_to": "2015-08-04T21:00:00Z",
    "title": "Second Bratislava Python Meetup",
    "slug": "bratislava-python-meetup-02",
    "description": "Na druhom stretnut\u00ed si stru\u010dne predstav\u00edme protokol XMPP, ktor\u00fd vyu\u017e\u00edva na komunik\u00e1ciu Ludolph. Ludolph je monitorovac\u00ed jabber bot, ktor\u00fd dok\u00e1\u017ee komunikova\u0165 so Zabbixom, m\u00e1 v\u0161ak podpru pluginov a tak je mo\u017en\u00e9 ho roz\u0161\u00edri\u0165 aj in\u00fdm smerom. Na meetupe sa budeme hlavne venova\u0165 tvorbe vlastn\u00e9ho pluginu. Na stretnutie si doneste notebooky a budete si m\u00f4c\u0165 odsk\u00fa\u0161a\u0165 spravi\u0165 v Pythone plugin do existuj\u00faceho projektu.\r\n\r\nGithub: https://github.com/pyconsk/meetup/tree/master/Bratislava/201508\r\n\r\nContact: meetup@pycon.sk\r\n\r\nEvent organiser: Richard Kellner, Daniel Kont\u0161ek\r\n\r\nLanyrd: http://lanyrd.com/2015/pyconsk/",
    "event_type": "meetup",
    "status": "published",
    "location": 2,
    "footer_text": "",
    "analytics": "",
    "sponsors": []
  }
},
{
  "model": "konfera.event",
  "pk": 3,
  "fields": {
    "uuid": "a3ae55ba-a03a-4873-a1df-a4baed552938",
    "date_created": "2016-10-01T18:00:00Z",
    "date_modified": "2016-10-01T18:00:00Z",
    "date_from": "2015-09-08T18:00:00Z",
    "date_to": "2015-09-08T21:00:00Z",
    "title": "Third Bratislava Python Meetup",
    "slug": "bratislava-python-meetup-03",
    "description": "Na tomto stretnut\u00ed si sprav\u00edme workshop o webscrapingu. Budeme scrapova\u0165 data z viacer\u00fdch str\u00e1nok, aby sme mali praktick\u00e9 pr\u00edklady na vyu\u017eitie webscrapingu. Nezabudnite si prinies\u0165 notebooky, aby ste si odsk\u00fa\u0161ali nie\u010do nov\u00e9...\r\n\r\nGithub: https://github.com/pyconsk/meetup/tree/master/Bratislava/201509\r\n\r\nContact: meetup@pycon.sk\r\n\r\nEvent organiser: Richard Kellner, Daniel Kont\u0161ek",
    "event_type": "meetup",
    "status": "published",
    "location": 2,
    "footer_text": "",
    "analytics": "",
    "sponsors": []
  }
},
{
  "model": "konfera.event",
  "pk": 4,
  "fields": {
    "uuid": "4caba8cf-f9a0-4ed3-8565-18eb2156dc33",
    "date_created": "2016-10-01T18:00:00Z",
    "date_modified": "2016-10-01T18:00:00Z",
    "date_from": "2015-10-06T18:00:00Z",
    "date_to": "2015-10-06T21:00:00Z",
    "title": "Fourth Bratislava Python Meetup",
    "slug": "bratislava-python-meetup-04",
    "description": "Na tomto stretnut\u00ed si predstav\u00edme Ansible. V r\u00e1mci workshopu bude Adam \u0160tevko rozpr\u00e1va\u0165 o tom, ako ansible funguje, na\u010do je dobr\u00fd a ako s n\u00edm za\u010da\u0165. Nezabudnite si prinies\u0165 notebooky, aby ste si odsk\u00fa\u0161ali nie\u010do nov\u00e9...\r\n\r\nGithub: https://github.com/pyconsk/meetup/tree/master/Bratislava/201510\r\n\r\nContact: meetup@pycon.sk\r\n\r\nEvent organiser: SPy o. z.",
    "event_type": "meetup",
    "status": "published",
    "location": 2,
    "footer_text": "",
    "analytics": "",
    "sponsors": []
  }
},
{
  "model": "konfera.event",
  "pk": 5,
  "fields": {
    "uuid": "2dfedcca-2c46-48df-bb7e-2ee7ab9e458d",
    "date_created": "2016-10-01T18:00:00Z",
    "date_modified": "2016-10-01T18:00:00Z",
    "date_from": "2015-11-10T18:00:00Z",
    "date_to": "2015-11-10T21:00:00Z",
    "title": "Fifth Bratislava Python Meetup",
    "slug": "bratislava-python-meetup-05",
    "description": "Na tomto stretnut\u00ed sa budeme zameriava\u0165 na \u00fapln\u00fdch za\u010diato\u010dn\u00edkov. Povieme si, ako spr\u00e1vne za\u010da\u0165 projekt v Pythone. Nezabudnite si, prinies\u0165 notebooky aby ste si odsk\u00fa\u0161ali nie\u010do nov\u00e9...\r\n\r\nGithub: https://github.com/pyconsk/meetup/tree/master/Bratislava/201511\r\n\r\nContact: meetup@pycon.sk\r\n\r\nEvent organiser: SPy o. z.",
    "event_type": "meetup",
    "status": "published",
    "location": 2,
    "footer_text": "",
    "analytics": "",
    "sponsors": []
  }
},
{
  "model": "konfera.event",
  "pk": 6,
  "fields": {
    "uuid": "e701afc3-f11f-4dc1-ab9a-5d28e110c71c",
    "date_created": "2016-10-01T18:00:00Z",
    "date_modified": "2016-10-01T18:00:00Z",
    "date_from": "2015-12-08T18:00:00Z",
    "date_to": "2015-12-08T21:00:00Z",
    "title": "Sixth Bratislava Python Meetup",
    "slug": "bratislava-python-meetup-06",
    "description": "Na tomto stretnut\u00ed sa budeme pokra\u010dova\u0165 s \u00favodom do Pythonu. Juraj Bubniak n\u00e1m pr\u00edde porozpr\u00e1va\u0165 o pr\u00e1ci so z\u00e1kladn\u00fdmi d\u00e1tov\u00fdmi typmi v Pythone. Nezabudnite si prinies\u0165 notebooky aby ste si odsk\u00fa\u0161ali nie\u010do nov\u00e9...\r\n\r\nMateri\u00e1ly z meetupu n\u00e1jdete na https://github.com/jbub/spy-data-types.\r\n\r\nPo workshope bude stretnutie dobrovo\u013en\u00edkov, ktor\u00ed sa podie\u013eaj\u00fa, alebo by sa chceli prida\u0165 na organiz\u00e1ci\u00ed PyCon SK 2016.\r\n\r\nGithub: https://github.com/pyconsk/meetup/tree/master/Bratislava/201512\r\n\r\nContact: meetup@pycon.sk\r\n\r\nEvent organiser: SPy o.z.",
    "event_type": "meetup",
    "status": "published",
    "location": 2,
    "footer_text": "",
    "analytics": "",
    "sponsors": []
  }
},
{
  "model": "konfera.event",
  "pk": 7,
  "fields": {
    "uuid": "f0fd7754-5792-4473-92db-8c80e5289823",
    "date_created": "2016-10-01T18:00:00Z",
    "date_modified": "2016-10-01T18:00:00Z",
    "date_from": "2016-01-12T18:00:00Z",
    "date_to": "2016-01-12T21:00:00Z",
    "title": "Seventh Bratislava Python Meetup",
    "slug": "bratislava-python-meetup-07",
    "description": "Prv\u00fd meetup v novom roku za\u010dneme minimalisticky. Andrej Mo\u0161a\u0165 n\u00e1m pr\u00edde predstavi\u0165 MicroPython, povieme si pre\u010do je vlastne micro a na \u010do je dobr\u00e9 ma\u0165 MicroPython ke\u010f m\u00e1me \u0161tandardn\u00fd Python.\r\n\r\nAndrej so sebou prinesie WiPy a PyBoard, porozpr\u00e1va o v\u00fdvoji hardwaru v micropythone. Uk\u00e1\u017ee workflow v\u00fdvoja zariaden\u00ed, z\u00e1kladn\u00e9 sch\u00e9my, a na z\u00e1ver zostroj\u00ed bud\u00edk. Ak sa zauj\u00edmate o Internet of Things, ale neviete kde za\u010da\u0165, alebo sa chcete dozvedie\u0165 ako si za\u010da\u0165 vyr\u00e1ba\u0165 doma jedno\u00fa\u010delov\u00e9 zariadenia, tento meetup V\u00e1s ur\u010dite zaujme.\r\n\r\nJeden \u0161tastlivec, ktor\u00fd bude d\u00e1va\u0165 pozor, bude ma\u0165 \u0161ancu vyhra\u0165 v\u00fdvojov\u00fd kit s micropythonom na prototypovanie.\r\n\r\nWe are looking forward to seeing you at the meetup.\r\n\r\nGithub: https://github.com/pyconsk/meetup/tree/master/Bratislava/201601\r\n\r\nContact: meetup@pycon.sk\r\n\r\nEvent organiser: SPy o.z.",
    "event_type": "meetup",
    "status": "published",
    "location": 2,
    "footer_text": "",
    "analytics": "",
    "sponsors": []
  }
},
{
  "model": "konfera.event",
  "pk": 8,
  "fields": {
    "uuid": "a9ad586f-e28c-430c-bdec-525e9278e44b",
    "date_created": "2016-10-01T18:00:00Z",
    "date_modified": "2016-10-01T18:00:00Z",
    "date_from": "2016-02-09T18:00:00Z",
    "date_to": "2016-02-09T21:00:00Z",
    "title": "Eighth Bratislava Python Meetup",
    "slug": "bratislava-python-meetup-08",
    "description": "Na febru\u00e1rovom meetupu n\u00e1m Miroslav Beka uk\u00e1\u017ee, z\u030ce Python sa da\u0301 pouz\u030cit\u030c na vy\u0301voj serio\u0301znych \u201centerprise\u201d alebo produktovy\u0301ch aplika\u0301cii\u0301. Bude hovori\u0165 o pojmoch ako \u0161ka\u0301lovatel\u030cnost\u030c, zero down time deployments, continuous integration, continuous deployment a obozn\u00e1mi n\u00e1s s osved\u010den\u00fdmi postupmi v oblasti nasadenia Pythonov\u00fdch aplik\u00e1cii na produk\u010dn\u00e9 servery.\r\n\r\nWe are looking forward to seeing you at the meetup.\r\n\r\nLanguage: Slovak\r\n\r\nGithub: https://github.com/pyconsk/meetup/tree/master/Bratislava/201602\r\n\r\nContact: meetup@pycon.sk\r\n\r\nEvent organiser: SPy o.z.\r\n\r\nThere will be no meetup in March since we will focus all our attention on PyCon. The next meetup will take place in April.",
    "event_type": "meetup",
    "status": "published",
    "location": 2,
    "footer_text": "",
    "analytics": "",
    "sponsors": []
  }
},
{
  "model": "konfera.event",
  "pk": 9,
  "fields": {
    "uuid": "e19edf0c-3efb-4aff-a1f0-e4e0fe1e8c37",
    "date_created": "2016-10-01T18:00:00Z",
    "date_modified": "2016-10-01T18:00:00Z",
    "date_from": "2016-03-11T09:00:00Z",
    "date_to": "2016-03-13T18:00:00Z",
    "title": "PyCon SK 2016",
    "slug": "2016",
    "description": "PyCon SK is a community-organized conference for the Python programming language. The inaugural PyCon SK was held in Bratislava on 11th - 13th March, 2016.",
    "event_type": "conference",
    "status": "published",
    "location": 1,
    "footer_text": "",
    "analytics": "",
    "sponsors": [
      1,
      2,
      3,
      4,
      5,
      6,
      7,
      8
    ]
  }
},
{
  "model": "konfera.event",
  "pk": 10,
  "fields": {
    "uuid": "87c2ae1a-3ce2-4563-878a-2487f5ac386b",
    "date_created": "2016-10-01T18:00:00Z",
    "date_modified": "2016-10-01T18:00:00Z",
    "date_from": "2016-04-12T18:00:00Z",
    "date_to": "2016-04-12T21:00:00Z",
    "title": "Nineth Bratislava Python Meetup",
    "slug": "bratislava-python-meetup-09",
    "description": "Na apr\u00edlovom meetupe si sprav\u00edme Coding Dojo session.\r\n\r\nNetreba si ni\u010d nosi\u0165 budeme praktizovat pair programing na projektore. Sta\u010d\u00ed iba chu\u0165 programova\u0165. POZOR! Aby sme dok\u00e1zali spravi\u0165 kvalitn\u00fd workshop, zaviedli sme registr\u00e1ciu, aby sme mali preh\u013eado ko\u013eko \u013eud\u00ed pr\u00edde. Po\u010det miest je limitovan\u00fd, preto sa zaregistrujte \u010do najsk\u00f4r.",
    "event_type": "meetup",
    "status": "published",
    "location": 2,
    "footer_text": "",
    "analytics": "",
    "sponsors": []
  }
},
{
  "model": "konfera.event",
  "pk": 11,
  "fields": {
    "uuid": "7e9958a2-3465-45c4-868b-79f9ea02a5e9",
    "date_created": "2016-10-01T18:00:00Z",
    "date_modified": "2016-10-01T18:00:00Z",
    "date_from": "2016-05-03T18:30:00Z",
    "date_to": "2016-05-03T21:30:00Z",
    "title": "Tenth Bratislava Python Meetup",
    "slug": "bratislava-python-meetup-10",
    "description": "Na m\u00e1jov\u00fd meetup n\u00e1m pr\u00edde porozpr\u00e1va\u0165 Jozef K\u00e9pesi o popul\u00e1rnej datab\u00e1ze PostgreSQL.\r\n\r\nWhen in doubt, just use PostgreSQL. Pop\u00ed\u0161eme si najlep\u0161ie praktiky z poh\u013eadu architekt\u00fary a vlastnost\u00ed datab\u00e1zy. Na z\u00e1ver Jozef prezrad\u00ed aj skryt\u00e9 funkcie, ktor\u00e9 dnes robia z PostgreSQL viac framework na spracovanie d\u00e1t, ako datab\u00e1zu.\r\n\r\nWe are looking forward to seeing you at the meetup.\r\n\r\nLanguage: Slovak\r\n\r\nContact: meetup@pycon.sk\r\n\r\nEvent organiser: SPy o.z.",
    "event_type": "meetup",
    "status": "published",
    "location": 2,
    "footer_text": "",
    "analytics": "",
    "sponsors": []
  }
},
{
  "model": "konfera.event",
  "pk": 12,
  "fields": {
    "uuid": "25ddaf75-cf74-4b82-ace8-18e7322e87e2",
    "date_created": "2016-10-01T18:00:00Z",
    "date_modified": "2016-10-01T18:00:00Z",
    "date_from": "2016-06-07T18:30:00Z",
    "date_to": "2016-06-07T21:30:00Z",
    "title": "Eleventh Bratislava Python Meetup",
    "slug": "bratislava-python-meetup-11",
    "description": "Na j\u00fanovom meetupe n\u00e1m Juraj Bezru\u010dka predstav\u00ed \"python pre neprogramatorov\".\r\n\r\nJuraj n\u00e1m predstav\u00ed funkcie ako map, filter \u010di reduce aj s pr\u00edkladmi, \u010falej tie\u017e list/dict comprehension, pr\u00edpadne \u010fal\u0161ie u\u017eito\u010dn\u00e9 funkcie (vysvetl\u00ed tern\u00e1rny oper\u00e1tor a pod.)\r\n\r\nWe are looking forward to seeing you at the meetup.\r\n\r\nLanguage: Slovak\r\n\r\nContact: meetup@pycon.sk\r\n\r\nEvent organiser: SPy o.z.",
    "event_type": "meetup",
    "status": "published",
    "location": 2,
    "footer_text": "",
    "analytics": "",
    "sponsors": []
  }
},
{
  "model": "konfera.sponsor",
  "pk": 1,
  "fields": {
    "uuid": "5c987866-100c-4fe9-8404-47ea5f75986f",
    "date_created": "2016-10-09T20:30:59.658Z",
    "date_modified": "2016-10-07T20:36:56.690Z",
    "title": "Red Hat",
    "type": 1,
    "logo": "redhat-logo.svg",
    "url": "https://www.redhat.com",
    "about_us": "Red Hat is the world's leading provider of open source enterprise technology, including cloud, virtualization, storage, Linux, and middleware. In addition to enterprise software, we offer award-winning support, training, and consulting services. We're a rapidly growing company supporting more than 90&#37; of Fortune 500 companies."
  }
},
{
  "model": "konfera.sponsor",
  "pk": 2,
  "fields": {
    "uuid": "d65dd72a-76d2-4a0e-8e3c-6b1e2f50ea04",
    "date_created": "2016-10-08T05:43:24.383Z",
    "date_modified": "2016-10-08T05:43:24.384Z",
    "title": "Erigones",
    "type": 1,
    "logo": "erigones-logo.svg",
    "url": "https://erigones.com",
    "about_us": "Professional virtualization products and services from Slovakia. Used by companies focused on deploying and maintaining large server farms and scalable server infrastructures. Our product, Erigones SDDC, is THE cloud management software used for deploying, maintaining and automating cloud data centers and their processes."
  }
},
{
  "model": "konfera.sponsor",
  "pk": 3,
  "fields": {
    "uuid": "e037a3cc-0bdb-49e7-9847-8e95acefde68",
    "date_created": "2016-10-09T20:27:27.506Z",
    "date_modified": "2016-10-09T20:27:27.506Z",
    "title": "Python Software Foundation",
    "type": 2,
    "logo": "psf-logo.svg",
    "url": "https://www.python.org/psf",
    "about_us": "The Python Software Foundation is a 501(c)(3) nonprofit dedicated to advancing and promoting Python. The PSF supports and encourages Python events world-wide to advance its mission of growing the international community of Python programmers, and hosts the North American PyCon conference as its flagship annual event."
  }
},
{
  "model": "konfera.sponsor",
  "pk": 4,
  "fields": {
    "uuid": "de625fc2-4a9b-4b3b-9eb4-1f5c232118e4",
    "date_created": "2016-10-09T20:31:10.644Z",
    "date_modified": "2016-10-09T20:28:29.646Z",
    "title": "VNET",
    "type": 2,
    "logo": "vnet-logo.svg",
    "url": "https://www.vnet.sk",
    "about_us": "We have extensive experience in providing comprehensive telecommunication solutions, from guaranteed internet connections, through cloud services, webhosting, voice solutions to comprehensive services for your home. We offer cutting-edge technology space for client equipment in 3 data centres."
  }
},
{
  "model": "konfera.sponsor",
  "pk": 5,
  "fields": {
    "uuid": "2d790e0f-47ef-4c66-870c-acda5e855bb3",
    "date_created": "2016-10-09T20:31:05.811Z",
    "date_modified": "2016-10-09T20:29:24.792Z",
    "title": "Eset",
    "type": 2,
    "logo": "eset-logo.svg",
    "url": "https://www.eset.com",
    "about_us": "Since 1987, ESET has been developing award-winning security software that now helps over 100 million users to Enjoy Safer Technology. Its broad security product portfolio covers all popular platforms and provides businesses and consumers around the world with the perfect balance of performance and proactive protection. The company has a global sales network covering 180 countries, and regional offices in Bratislava, San Diego, Singapore and Buenos Aires."
  }
},
{
  "model": "konfera.sponsor",
  "pk": 6,
  "fields": {
    "uuid": "fcb09af4-7967-48b5-b324-62af5145fca7",
    "date_created": "2016-10-09T20:32:11.406Z",
    "date_modified": "2016-10-09T20:32:11.406Z",
    "title": "GridMarkets",
    "type": 3,
    "logo": "gridmarkets-logo.svg",
    "url": "https://www.gridmarkets.com/",
    "about_us": "GridMarkets is a \u201csharing economy\u201d startup incorporated in Singapore and Malaysia and operating out of several global offices. We have established a patent pending platform that permits the convenient and affordable sharing of excess Cloud computing capacities. At the push of a GridMarkets button, animators, engineers, researchers, et al can leverage the power of many globally positioned computers to work on computationally complex problems."
  }
},
{
  "model": "konfera.sponsor",
  "pk": 7,
  "fields": {
    "uuid": "566e7ed3-3a8d-4e57-84fe-c3c7f3c57dfb",
    "date_created": "2016-10-09T20:33:01.597Z",
    "date_modified": "2016-10-09T20:33:01.597Z",
    "title": "WebSupport",
    "type": 3,
    "logo": "websupport-logo.svg",
    "url": "https://www.websupport.sk/",
    "about_us": "Websupport is looking for a Python Backend Developer who has experience with Linux administration and will be developing in REST API and use Flask, SQLAlchemy, Celey, ZeroMQ and OpenStack."
  }
},
{
  "model": "konfera.sponsor",
  "pk": 8,
  "fields": {
    "uuid": "56678c5f-34d4-48ef-9336-5f445ad3a908",
    "date_created": "2016-10-09T20:34:01.948Z",
    "date_modified": "2016-10-09T20:34:01.948Z",
    "title": "Switzerlab",
    "type": 3,
    "logo": "switzerlab-logo.svg",
    "url": "https://example.com",
    "about_us": ""
  }
},
{
  "model": "konfera.speaker",
  "pk": 1,
  "fields": {
    "uuid": "ab29954a-a98b-4f2d-ab00-7897ac173d8e",
    "date_created": "2016-10-07T20:36:56.694Z",
    "date_modified": "2016-10-07T20:36:56.694Z",
    "first_name": "Petr",
    "last_name": "Viktorin",
    "title": "mr",
    "email": "private@example.com",
    "phone": "",
    "bio": "He's a software engineer at Red Hat. When I'm not writing Python code, I help organize meetups, mentor PyLadies, and attend conferences.",
    "url": "http://encukou.cz/blog/",
    "social_url": "https://twitter.com/encukou",
    "country": "CZ",
    "sponsor": 1
  }
},
{
  "model": "konfera.speaker",
  "pk": 2,
  "fields": {
    "uuid": "05b7bd48-97a4-4834-861c-488fd373ca4d",
    "date_created": "2016-10-08T05:45:17.924Z",
    "date_modified": "2016-10-08T05:45:17.924Z",
    "first_name": "Andrea",
    "last_name": "\u0160te\u0148ov\u00e1",
    "title": "ms",
    "email": "private2@example.com",
    "phone": "",
    "bio": "Andrea works on development of server applications since 2012. IT runs in her family, and that was one of the reasons she chose this path. She dislikes bad code and old technologies. Furthermore, she is one of the organizers of Bratislava Scala meetup.",
    "url": "",
    "social_url": "https://www.linkedin.com/in/andrea-%C5%A1te%C5%88ov%C3%A1-3b92b050",
    "country": "SK",
    "sponsor": null
  }
},
{
  "model": "konfera.speaker",
  "pk": 3,
  "fields": {
    "uuid": "469bf83d-080a-4c44-9b93-b69beae52963",
    "date_created": "2016-10-09T20:00:59.704Z",
    "date_modified": "2016-10-09T20:00:59.704Z",
    "first_name": "Andrej",
    "last_name": "Mo\u0161a\u0165",
    "title": "mr",
    "email": "private3@example.com",
    "phone": "",
    "bio": "Andrej is searching for the ultimate tricorder, a device which can see and tell your health, discover dangers in your environment and enhance your senses to cyborg levels. His first employment project was to build a chromatographic column to extract elements from human blood plasma. He created first open source spectrometer, which was then distributed to all corners of earth and above, launching from ISS station onboard of two microsatellites. Andrej advocates micropython, python for small microcontrollers which allows for prototyping of electronic devices at unprecedented speeds. His dream is to create tricorder for the first man on Mars.",
    "url": "",
    "social_url": "https://twitter.com/amosat",
    "country": "SK",
    "sponsor": null
  }
},
{
  "model": "konfera.speaker",
  "pk": 4,
  "fields": {
    "uuid": "cdcfcc58-42bc-4cff-aba6-5198c776f0cc",
    "date_created": "2016-10-09T20:45:58.645Z",
    "date_modified": "2016-10-09T20:45:03.472Z",
    "first_name": "Miroslav",
    "last_name": "Beka",
    "title": "mr",
    "email": "private4@example.com",
    "phone": "",
    "bio": "He graduated from Comenius University, majoring in Applied Informatics. Python helped him with his master thesis and this was the first time he used it for a development of a larger application. After graduation he had worked as a web developer for a Netherland-based startup, where he gained authentic work experiences with Ruby on Rails and JavaScript. Later he moved on to join ESET as test automation engineer, where he was dedicated to testing automation using a robot frameworku. After several years he decided to change his job again. He's chosen Kistler, where he works on similar projects.",
    "url": "",
    "social_url": "",
    "country": "SK",
    "sponsor": null
  }
},
{
  "model": "konfera.talk",
  "pk": 1,
  "fields": {
    "uuid": "e03ba2f5-e89e-4bde-a1cc-3fab74709e2f",
    "date_created": "2016-10-07T20:39:27.530Z",
    "date_modified": "2016-10-07T20:39:27.530Z",
    "title": "How import works",
    "abstract": "Every one of us has already used the `import` statement. Do you know what it actually does? How does it find the correct file using the module name and how a text file becomes a module? Did you know that Python can import from ZIP archives or run directories? Do you want to find out how cyclic imports happen and how to avoid them?\r\nThis talk will answer all of these questions.",
    "type": "talk",
    "status": "approved",
    "duration": 30,
    "primary_speaker": 1,
    "secondary_speaker": null,
    "event": 9
  }
},
{
  "model": "konfera.talk",
  "pk": 2,
  "fields": {
    "uuid": "464cc993-2c57-4b51-b9c9-5f960d152f76",
    "date_created": "2016-10-08T05:45:57.903Z",
    "date_modified": "2016-10-08T05:45:57.903Z",
    "title": "Basics of functional programming",
    "abstract": "Functional programming offers a different approach to data and program structure. Originally a domain of academic institutions, however, nowadays it is getting used more and more, particularly thanks to its usefulness in distributed systems. Examples of functional properties in code include: usage of immutable variables, recursion, pattern matching or higher-order functions, which are not always easy to understand for a beginner. In this talk, we will introduce some of the functional programming properties and their usage in Python.",
    "type": "talk",
    "status": "approved",
    "duration": 30,
    "primary_speaker": 2,
    "secondary_speaker": null,
    "event": 9
  }
},
{
  "model": "konfera.talk",
  "pk": 3,
  "fields": {
    "uuid": "334a55bf-f54a-4f6f-ac35-a8ec6cea5384",
    "date_created": "2016-10-09T20:01:14.219Z",
    "date_modified": "2016-10-09T20:01:14.219Z",
    "title": "MicroPython",
    "abstract": "Micropython is a minimal implementation of Python 3 on embedded processors like ARM, x86. It allows developers to quickly and effectively write code directly for hardware without the need for compiling.\r\n\r\nThe advantage of an interpreted language is mainly in removing the compilation time. Errors appear when executing the program, the response is immediate. The disadvantages include an increased demand for memory and unscheduled pause due to the garbage collector. I will introduce development platforms running interpreted languages, their advantages and disadvantages.\r\n\r\nThe main part of the lecture will be devoted to basic hardware development using examples such as switches, LEDs, potentiometers and interruptions.",
    "type": "talk",
    "status": "approved",
    "duration": 30,
    "primary_speaker": 3,
    "secondary_speaker": null,
    "event": 9
  }
},
{
  "model": "konfera.talk",
  "pk": 4,
  "fields": {
    "uuid": "50027967-153d-4a1e-9e1d-8247b50e6f07",
    "date_created": "2016-10-09T20:45:14.886Z",
    "date_modified": "2016-10-09T20:45:14.886Z",
    "title": "Virtualenv, Flask, Vagrant, etc.",
    "abstract": "Large organizations have traditionally used languages such as C ++, .NET and Java development for enterprise applications. \"Scripting\" languages like Python were considered risky. Not sufficiently robust with the lack of the tools around them (framework). Times have, however, changed and the Python language has become surrounded by the huge open source community that takes care of the maintenance of the ecosystem. We see increasing use of dynamic languages for web applications development. But what is meant by productive enterprise or web application? These applications should meet several requirements. Scalability, zero down time deployments, short release cycles and many other properties.",
    "type": "talk",
    "status": "approved",
    "duration": 30,
    "primary_speaker": 4,
    "secondary_speaker": null,
    "event": 9
  }
},
{
  "model": "konfera.tickettype",
  "pk": 1,
  "fields": {
    "uuid": "c2ed6e6e-8b2d-4120-ba16-338df91657c9",
    "date_created": "2016-10-01T18:00:00Z",
    "date_modified": "2016-10-01T18:00:00Z",
    "date_from": "2015-10-14T12:00:00Z",
    "date_to": "2016-01-24T00:00:00Z",
    "title": "Supporter Early Bird",
    "description": "Please select this ticket if you want to be listed on our website as a supporter.",
    "price": "30.00",
    "attendee_type": "supporter",
    "accessibility": "private",
    "usage": 10,
    "event": 9
  }
},
{
  "model": "konfera.tickettype",
  "pk": 2,
  "fields": {
    "uuid": "dbaed3d6-7d92-4844-990f-01f8cd30d91e",
    "date_created": "2016-10-01T18:00:00Z",
    "date_modified": "2016-10-01T18:00:00Z",
    "date_from": "2015-10-14T12:00:00Z",
    "date_to": "2016-01-24T00:00:00Z",
    "title": "Standard Early Bird",
    "description": "Standard conference ticket.",
    "price": "20.00",
    "attendee_type": "attendee",
    "accessibility": "private",
    "usage": 10,
    "event": 9
  }
},
{
  "model": "konfera.tickettype",
  "pk": 3,
  "fields": {
    "uuid": "07a30a4a-af39-4ac3-960e-045ab85e2efe",
    "date_created": "2016-10-01T18:00:00Z",
    "date_modified": "2016-10-01T18:00:00Z",
    "date_from": "2015-10-14T12:00:00Z",
    "date_to": "2016-01-24T00:00:00Z",
    "title": "Student Early Bird",
    "description": "Please select this ticket if you are a student. Valid student ID might be requested when you arrive at the conference.",
    "price": "10.00",
    "attendee_type": "attendee",
    "accessibility": "private",
    "usage": 10,
    "event": 9
  }
},
{
  "model": "konfera.tickettype",
  "pk": 4,
  "fields": {
    "uuid": "f6bdf254-a3d8-4844-af62-3cc4556e6f63",
    "date_created": "2016-10-01T18:00:00Z",
    "date_modified": "2016-10-01T18:00:00Z",
    "date_from": "2016-01-24T00:00:00Z",
    "date_to": "2016-03-01T00:00:00Z",
    "title": "Supporter",
    "description": "Please select this ticket if you want to be listed on our website as a supporter.",
    "price": "70.00",
    "attendee_type": "supporter",
    "accessibility": "private",
    "usage": 10,
    "event": 9
  }
},
{
  "model": "konfera.tickettype",
  "pk": 5,
  "fields": {
    "uuid": "d294c7f0-ebb6-4af3-ac5f-c9c83394187c",
    "date_created": "2016-10-01T18:00:00Z",
    "date_modified": "2016-10-01T18:00:00Z",
    "date_from": "2016-01-24T00:00:00Z",
    "date_to": "2016-03-01T00:00:00Z",
    "title": "Standard",
    "description": "Standard conference ticket.",
    "price": "30.00",
    "attendee_type": "attendee",
    "accessibility": "private",
    "usage": 10,
    "event": 9
  }
},
{
  "model": "konfera.tickettype",
  "pk": 6,
  "fields": {
    "uuid": "68f65ef9-ab80-4155-b69d-b62a0170ac7c",
    "date_created": "2016-10-01T18:00:00Z",
    "date_modified": "2016-10-01T18:00:00Z",
    "date_from": "2016-01-24T00:00:00Z",
    "date_to": "2016-03-01T00:00:00Z",
    "title": "Student",
    "description": "Please select this ticket if you are a student. Valid student ID might be requested when you arrive at the conference.",
    "price": "15.00",
    "attendee_type": "attendee",
    "accessibility": "private",
    "usage": 10,
    "event": 9
  }
},
{
  "model": "konfera.tickettype",
  "pk": 7,
  "fields": {
    "uuid": "ca22ab5f-b469-464f-9e03-ab3fa7faa665",
    "date_created": "2016-10-01T18:00:00Z",
    "date_modified": "2016-10-01T18:00:00Z",
    "date_from": "2016-03-01T00:00:00Z",
    "date_to": "2016-03-11T09:00:00Z",
    "title": "Supporter Last Moment",
    "description": "Please select this ticket if you want to be listed on our website as a supporter.",
    "price": "90.00",
    "attendee_type": "supporter",
    "accessibility": "private",
    "usage": 10,
    "event": 9
  }
},
{
  "model": "konfera.tickettype",
  "pk": 8,
  "fields": {
    "uuid": "9e64280e-4555-4b69-a591-0319fffbeb05",
    "date_created": "2016-10-01T18:00:00Z",
    "date_modified": "2016-10-01T18:00:00Z",
    "date_from": "2016-03-01T00:00:00Z",
    "date_to": "2016-03-11T00:00:00Z",
    "title": "Standard Last Moment",
    "description": "Standard conference ticket.",
    "price": "40.00",
    "attendee_type": "attendee",
    "accessibility": "private",
    "usage": 10,
    "event": 9
  }
},
{
  "model": "konfera.tickettype",
  "pk": 9,
  "fields": {
    "uuid": "2e538f58-21bc-4e08-8b83-6777c76b036f",
    "date_created": "2016-10-01T18:00:00Z",
    "date_modified": "2016-10-01T18:00:00Z",
    "date_from": "2016-03-01T00:00:00Z",
    "date_to": "2016-03-11T00:00:00Z",
    "title": "Student Last Moment",
    "description": "Please select this ticket if you are a student. Valid student ID might be requested when you arrive at the conference.",
    "price": "20.00",
    "attendee_type": "attendee",
    "accessibility": "private",
    "usage": 10,
    "event": 9
  }
},
{
  "model": "konfera.tickettype",
  "pk": 10,
  "fields": {
    "uuid": "d3c6fc01-b73d-4864-9215-52ef1d3bff45",
    "date_created": "2016-10-01T18:00:00Z",
    "date_modified": "2016-10-01T18:00:00Z",
    "date_from": "2015-10-14T00:00:00Z",
    "date_to": "2016-03-11T00:00:00Z",
    "title": "Volunteer",
    "description": "Free ticket for people who are helping with the conference. There is an optional donation when registering for the conference.",
    "price": "0.00",
    "attendee_type": "volunteer",
    "accessibility": "private",
    "usage": 10,
    "event": 9
  }
},
{
  "model": "konfera.tickettype",
  "pk": 11,
  "fields": {
    "uuid": "d8bf766e-8b5e-43b1-a209-dd2386d76d1c",
    "date_created": "2016-10-01T18:00:00Z",
    "date_modified": "2016-10-01T18:00:00Z",
    "date_from": "2015-10-14T00:00:00Z",
    "date_to": "2016-03-11T00:00:00Z",
    "title": "Speaker",
    "description": "Tickets issued for speakers.",
    "price": "0.00",
    "attendee_type": "attendee",
    "accessibility": "private",
    "usage": 10,
    "event": 9
  }
},
{
  "model": "konfera.tickettype",
  "pk": 12,
  "fields": {
    "uuid": "fa70f648-6d3b-4bd5-a844-4080a22e349a",
    "date_created": "2016-10-01T18:00:00Z",
    "date_modified": "2016-10-01T18:00:00Z",
    "date_from": "2015-10-14T00:00:00Z",
    "date_to": "2016-03-11T00:00:00Z",
    "title": "Freebie",
    "description": "Tickets issued for attendees for free.",
    "price": "0.00",
    "attendee_type": "aid",
    "accessibility": "private",
    "usage": 10,
    "event": 9
  }
},
{
  "model": "konfera.ticket",
  "pk": 1,
  "fields": {
    "uuid": "146af5b6-42a7-4777-ba02-ea86df9cc544",
    "date_created": "2016-10-07T20:27:45.246Z",
    "date_modified": "2016-10-07T20:27:45.247Z",
    "type": 5,
    "discount_code": null,
    "status": "registered",
    "title": "mr",
    "first_name": "Test",
    "last_name": "Testovac",
    "email": "test.testovac@example.com",
    "phone": "",
    "description": "",
    "order": 1
  }
},
{
  "model": "konfera.ticket",
  "pk": 2,
  "fields": {
    "uuid": "ee19148f-392e-4ea6-97c3-270e0056b931",
    "date_created": "2016-10-07T20:43:14.276Z",
    "date_modified": "2016-10-07T20:43:14.276Z",
    "type": 11,
    "discount_code": null,
    "status": "checked-in",
    "title": "mr",
    "first_name": "Petr",
    "last_name": "Viktorin",
    "email": "private@example.com",
    "phone": "",
    "description": "",
    "order": 2
  }
},
{
  "model": "konfera.ticket",
  "pk": 3,
  "fields": {
    "uuid": "241102a0-b918-45f0-8511-afff327c4b9d",
    "date_created": "2016-10-08T07:45:54.048Z",
    "date_modified": "2016-10-08T07:45:40.242Z",
    "type": 11,
    "discount_code": null,
    "status": "checked-in",
    "title": "mr",
    "first_name": "Andrea",
    "last_name": "\u0160te\u0148ov\u00e1",
    "email": "private2@example.com",
    "phone": "",
    "description": "",
    "order": 3
  }
},
{
  "model": "konfera.ticket",
  "pk": 4,
  "fields": {
    "uuid": "fb349ad0-d44c-42b6-8e46-00a480f0f518",
    "date_created": "2016-10-08T07:48:15.644Z",
    "date_modified": "2016-10-08T07:48:15.644Z",
    "type": 6,
    "discount_code": 1,
    "status": "registered",
    "title": "ms",
    "first_name": "Testerka",
    "last_name": "Testovacka",
    "email": "testerka.testovacka@example.com",
    "phone": "",
    "description": "",
    "order": 4
  }
},
{
  "model": "konfera.ticket",
  "pk": 5,
  "fields": {
    "uuid": "b216a71b-5b3d-40a1-b98f-2a8c04c3e613",
    "date_created": "2016-10-09T20:16:56.099Z",
    "date_modified": "2016-10-09T20:16:56.099Z",
    "type": 11,
    "discount_code": null,
    "status": "checked-in",
    "title": "mr",
    "first_name": "Andrej",
    "last_name": "Mo\u0161a\u0165",
    "email": "private3@example.com",
    "phone": "",
    "description": "",
    "order": 5
  }
},
{
  "model": "konfera.schedule",
  "pk": 1,
  "fields": {
    "uuid": "c9a14c91-e6e5-4437-b0a3-a292382d9a44",
    "date_created": "2016-10-07T20:40:18.808Z",
    "date_modified": "2016-10-07T20:40:18.808Z",
    "start": "2016-03-11T09:20:00Z",
    "event": 9,
    "description": "",
    "talk": 1,
    "duration": 30,
    "room": 1
  }
},
{
  "model": "konfera.schedule",
  "pk": 2,
  "fields": {
    "uuid": "16dc2ad4-a44c-4cd4-ac96-b5730f2a0a35",
    "date_created": "2016-10-08T06:55:43.259Z",
    "date_modified": "2016-10-08T06:55:43.259Z",
    "start": "2016-03-11T10:00:00Z",
    "event": 9,
    "description": "",
    "talk": 2,
    "duration": 30,
    "room": 1
  }
},
{
  "model": "konfera.schedule",
  "pk": 3,
  "fields": {
    "uuid": "3e410860-9653-4bf7-a3d7-44d0aab91785",
    "date_created": "2016-10-09T20:48:02.946Z",
    "date_modified": "2016-10-09T20:02:29.571Z",
    "start": "2016-03-11T10:40:00Z",
    "event": 9,
    "description": "",
    "talk": 3,
    "duration": 30,
    "room": 1
  }
},
{
  "model": "konfera.schedule",
  "pk": 4,
  "fields": {
    "uuid": "0f275831-4d80-41ad-8a18-80309f5c9166",
    "date_created": "2016-10-09T20:03:32.720Z",
    "date_modified": "2016-10-09T20:03:32.720Z",
    "start": "2016-03-11T09:00:00Z",
    "event": 9,
    "description": "Opening",
    "talk": null,
    "duration": 20,
    "room": 1
  }
},
{
  "model": "konfera.schedule",
  "pk": 5,
  "fields": {
    "uuid": "23158594-05ca-4e0f-8570-1217738c8be7",
    "date_created": "2016-10-09T20:48:14.256Z",
    "date_modified": "2016-10-09T20:47:39.493Z",
    "start": "2016-03-11T11:25:00Z",
    "event": 9,
    "description": "",
    "talk": 4,
    "duration": 30,
    "room": 1
  }
}
]
